{
  "id": "fab9c473-8d9f-4da3-8b45-d68031d6859e",
  "name": "artist",
  "isOverridable": true,
  "entries": [
    {
      "value": "madonna",
      "synonyms": [
        "madonna"
      ]
    },
    {
      "value": "michael jackson",
      "synonyms": [
        "michael jackson"
      ]
    },
    {
      "value": "eminem",
      "synonyms": [
        "eminem"
      ]
    },
    {
      "value": "nirvana",
      "synonyms": [
        "nirvana"
      ]
    }
  ],
  "isEnum": false,
  "automatedExpansion": false
}