{
  "id": "482790e2-41b9-4cd2-b343-8d1cc05733b6",
  "name": "next song",
  "auto": true,
  "contexts": [
    "playing-music"
  ],
  "userSays": [
    {
      "id": "0e9ab3ab-81cf-47f1-8251-e20c17532e06",
      "data": [
        {
          "text": "next one"
        }
      ],
      "isTemplate": false,
      "count": 0
    },
    {
      "id": "b3a00505-abb0-43a6-ab97-7b8c39da2306",
      "data": [
        {
          "text": "skip this song"
        }
      ],
      "isTemplate": false,
      "count": 0
    },
    {
      "id": "1e287594-cbdd-439b-a75c-0f97d6f83f4c",
      "data": [
        {
          "text": "play something else"
        }
      ],
      "isTemplate": false,
      "count": 0
    },
    {
      "id": "1870cb84-56de-4dac-a9a1-88c00402d71c",
      "data": [
        {
          "text": "I want to hear a different one"
        }
      ],
      "isTemplate": false,
      "count": 0
    }
  ],
  "responses": [
    {
      "resetContexts": false,
      "affectedContexts": [
        {
          "name": "playing-music",
          "lifespan": 5
        }
      ],
      "parameters": [],
      "speech": "Playing next song"
    }
  ],
  "state": "LEARNED",
  "priority": 500000,
  "webhookUsed": false
}