{
  "id": "4aa04f6f-b109-4041-b52b-2d55e385785e",
  "name": "play music",
  "auto": true,
  "contexts": [],
  "userSays": [
    {
      "id": "cb3246b4-a7d3-4ff3-b4ba-38642f131f0e",
      "data": [
        {
          "text": "I want to listen to "
        },
        {
          "text": "eminem",
          "alias": "artist",
          "meta": "@artist",
          "userDefined": false
        }
      ],
      "isTemplate": false,
      "count": 0
    },
    {
      "id": "e5327977-781d-4d46-9afc-7187bbc6f1a3",
      "data": [
        {
          "text": "Some tracks of "
        },
        {
          "text": "nirvana",
          "alias": "artist",
          "meta": "@artist",
          "userDefined": false
        },
        {
          "text": " please"
        }
      ],
      "isTemplate": false,
      "count": 0
    },
    {
      "id": "0281cc6b-b910-4663-ae7b-97086ed8fc34",
      "data": [
        {
          "text": "Can i listen to "
        },
        {
          "text": "michael jackson",
          "alias": "artist",
          "meta": "@artist",
          "userDefined": false
        }
      ],
      "isTemplate": false,
      "count": 0
    }
  ],
  "responses": [
    {
      "resetContexts": false,
      "action": "music.play",
      "affectedContexts": [
        {
          "name": "playing-music",
          "lifespan": 5
        }
      ],
      "parameters": [
        {
          "dataType": "@artist",
          "name": "artist",
          "value": "$artist"
        }
      ],
      "speech": "Playing $artist"
    }
  ],
  "state": "LEARNED",
  "priority": 500000,
  "webhookUsed": false
}