{
  "id": "ddb66ecf-1544-4585-a9bf-657558c15ee2",
  "name": "book room",
  "auto": true,
  "contexts": [],
  "userSays": [
    {
      "id": "142d06e6-2aa3-43a2-b6b2-c9068d2ddd40",
      "data": [
        {
          "text": "book a room"
        }
      ],
      "isTemplate": false,
      "count": 0
    },
    {
      "id": "1bbb3cf0-ffac-47cd-b676-fdc2b8263b76",
      "data": [
        {
          "text": "book a "
        },
        {
          "text": "deluxe room",
          "alias": "roomtype",
          "meta": "@roomtype",
          "userDefined": false
        },
        {
          "text": " for "
        },
        {
          "text": "sunday",
          "alias": "date",
          "meta": "@sys.date",
          "userDefined": false
        }
      ],
      "isTemplate": false,
      "count": 0
    },
    {
      "id": "3c9f7fed-11c0-4217-9481-321b4c268cf6",
      "data": [
        {
          "text": "reserve a room"
        }
      ],
      "isTemplate": false,
      "count": 0
    },
    {
      "id": "b7960765-46f2-4994-9da5-871f72882c41",
      "data": [
        {
          "text": "reserve a "
        },
        {
          "text": "superior room",
          "meta": "@sys.ignore",
          "userDefined": false
        }
      ],
      "isTemplate": false,
      "count": 0
    }
  ],
  "responses": [
    {
      "resetContexts": false,
      "affectedContexts": [],
      "parameters": [
        {
          "required": true,
          "dataType": "@roomtype",
          "name": "roomtype",
          "value": "$roomtype",
          "prompts": [
            "Could you please enter the room type?"
          ]
        },
        {
          "required": true,
          "dataType": "@sys.date",
          "name": "date",
          "value": "$date",
          "prompts": [
            "Could you please specify the date?"
          ]
        }
      ],
      "speech": "A $roomtype is booked for $date"
    }
  ],
  "state": "LEARNED",
  "priority": 500000,
  "webhookUsed": false
}