{
  "id": "55b5e637-9659-4e2f-9e97-b87eaed07328",
  "name": "book a room",
  "auto": true,
  "contexts": [
    "interested"
  ],
  "userSays": [
    {
      "id": "12c9c3ae-a5d4-4c1c-8eb2-2166b9a47bc0",
      "data": [
        {
          "text": "yes"
        }
      ],
      "isTemplate": false,
      "count": 0
    },
    {
      "id": "3b985abb-b827-4cff-9659-51cfe4001ad0",
      "data": [
        {
          "text": "yes. I would like to book a "
        },
        {
          "text": "deluxe",
          "alias": "room-type",
          "meta": "@room-type",
          "userDefined": false
        },
        {
          "text": " room "
        },
        {
          "text": "from monday to friday",
          "alias": "date-period",
          "meta": "@sys.date-period",
          "userDefined": false
        }
      ],
      "isTemplate": false,
      "count": 0
    }
  ],
  "responses": [
    {
      "resetContexts": false,
      "affectedContexts": [
        {
          "name": "confirm_booking",
          "lifespan": 3
        },
        {
          "name": "reject_booking",
          "lifespan": 3
        }
      ],
      "parameters": [
        {
          "required": true,
          "dataType": "@sys.date-period",
          "name": "date-period",
          "value": "$date-period",
          "prompts": [
            "Enter date period"
          ]
        },
        {
          "required": true,
          "dataType": "@room-type",
          "name": "room-type",
          "value": "$room-type",
          "prompts": [
            "Sure. We have deluxe and superior rooms. Rate for deluxe is 120 USD per night and that for superior is 140 USD per night. The rates are inclusive of breakfast. Which one would you like to book?"
          ]
        }
      ],
      "speech": "Shall I proceed to book?"
    }
  ],
  "priority": 500000,
  "webhookUsed": false,
  "fallbackIntent": false
}