{
  "id": "e4e756a1-87b5-49af-b5fe-a794a31fe421",
  "name": "confirm-booking",
  "auto": true,
  "contexts": [
    "confirm_booking"
  ],
  "userSays": [
    {
      "id": "37e4e4bb-f274-4e3e-bd3e-cb9b08b1932a",
      "data": [
        {
          "text": "yes"
        }
      ],
      "isTemplate": false,
      "count": 0
    }
  ],
  "responses": [
    {
      "resetContexts": false,
      "affectedContexts": [],
      "parameters": [
        {
          "required": true,
          "dataType": "@sys.email",
          "name": "email",
          "prompts": [
            "Kindly enter your email-ID"
          ]
        }
      ],
      "speech": "The booking is confirmed and details are been sent to your email-ID"
    }
  ],
  "priority": 500000,
  "webhookUsed": false,
  "fallbackIntent": false
}