{
  "id": "93f11206-02a9-4da3-82a8-8c2b4ccbcabd",
  "name": "confirm-booking",
  "auto": true,
  "contexts": [
    "confirm_booking"
  ],
  "userSays": [
    {
      "id": "033d5533-8cf7-41c5-ae96-a811b7695537",
      "data": [
        {
          "text": "yes "
        },
        {
          "text": "example@gmail.com",
          "alias": "email",
          "meta": "@sys.email",
          "userDefined": true
        }
      ],
      "isTemplate": false,
      "count": 0
    },
    {
      "id": "55a7eae8-f4e8-42d2-b3f2-af51e6c2e821",
      "data": [
        {
          "text": "yes"
        }
      ],
      "isTemplate": false,
      "count": 0
    }
  ],
  "responses": [
    {
      "resetContexts": false,
      "affectedContexts": [],
      "parameters": [
        {
          "required": true,
          "dataType": "@sys.email",
          "name": "email",
          "value": "$email",
          "prompts": [
            "Kindly enter your email ID to send a booking confirmation"
          ]
        }
      ],
      "speech": "Your booking is confirmed. I have sent the booking details to $email. Hope to see you again !"
    }
  ],
  "state": "LEARNED",
  "priority": 500000,
  "webhookUsed": false
}