{
  "id": "70c10677-0071-40fb-a443-d3b0cce70122",
  "name": "Default Fallback Intent",
  "auto": true,
  "contexts": [],
  "userSays": [],
  "responses": [
    {
      "resetContexts": false,
      "action": "input.unknown",
      "affectedContexts": [],
      "parameters": [],
      "speech": [
        "I\u0027m sorry. I\u0027m having trouble understanding the question.",
        "I think I may have misunderstood your last statement.",
        "I\u0027m sorry. I didn\u0027t quite grasp what you just said.",
        "I don\u0027t think I\u0027m qualified to answer that yet.",
        "I\u0027m a bit confused by that last part.",
        "I\u0027m not totally sure about that.",
        "I\u0027m not sure I follow.",
        "I\u0027m afraid I don\u0027t understand.",
        "I\u0027m a bit confused."
      ]
    }
  ],
  "priority": 500000,
  "webhookUsed": false,
  "fallbackIntent": true
}