{
  "id": "d3c35d04-5aa6-4c11-ae82-ed4a50e6eba4",
  "name": "greeting",
  "auto": true,
  "contexts": [],
  "userSays": [
    {
      "id": "eb78d9ab-6c66-40b1-992c-0dd95585d484",
      "data": [
        {
          "text": "Hi"
        }
      ],
      "isTemplate": false,
      "count": 0
    },
    {
      "id": "7f420fc1-2104-459e-b1e7-f85f902ca42c",
      "data": [
        {
          "text": "Hey"
        }
      ],
      "isTemplate": false,
      "count": 0
    },
    {
      "id": "36491cc2-d55a-4d9b-996e-f04f2309117f",
      "data": [
        {
          "text": "Hello"
        }
      ],
      "isTemplate": false,
      "count": 0
    }
  ],
  "responses": [
    {
      "resetContexts": false,
      "affectedContexts": [
        {
          "name": "interested",
          "lifespan": 4
        },
        {
          "name": "not_interested",
          "lifespan": 2
        }
      ],
      "parameters": [],
      "speech": "Hey, I can assist you with the room booking services for our hotel. Would you be interested?"
    }
  ],
  "state": "LEARNED",
  "priority": 500000,
  "webhookUsed": false
}