{
  "id": "747b9376-6581-446f-945a-1ff3db8589d5",
  "name": "not-interested",
  "auto": true,
  "contexts": [
    "not_interested"
  ],
  "userSays": [
    {
      "id": "a9390cb3-bd59-4f44-ba8e-417803f2a2e8",
      "data": [
        {
          "text": "no"
        }
      ],
      "isTemplate": false,
      "count": 0
    },
    {
      "id": "1422feee-e2e2-4eca-817e-02843f8d5e91",
      "data": [
        {
          "text": "nope"
        }
      ],
      "isTemplate": false,
      "count": 0
    }
  ],
  "responses": [
    {
      "resetContexts": false,
      "affectedContexts": [],
      "parameters": [],
      "speech": "Not a problem . See you again !"
    }
  ],
  "priority": 500000,
  "webhookUsed": false,
  "fallbackIntent": false
}