{
  "id": "4de368f0-bec8-4ec4-b415-ef3204d6bae5",
  "name": "not-interested",
  "auto": true,
  "contexts": [
    "not_interested"
  ],
  "userSays": [
    {
      "id": "a9390cb3-bd59-4f44-ba8e-417803f2a2e8",
      "data": [
        {
          "text": "no"
        }
      ],
      "isTemplate": false,
      "count": 0
    },
    {
      "id": "78f7f034-08b1-4448-901f-61939e919162",
      "data": [
        {
          "text": "no please"
        }
      ],
      "isTemplate": false,
      "count": 0
    },
    {
      "id": "1422feee-e2e2-4eca-817e-02843f8d5e91",
      "data": [
        {
          "text": "nope"
        }
      ],
      "isTemplate": false,
      "count": 0
    }
  ],
  "responses": [
    {
      "resetContexts": false,
      "affectedContexts": [],
      "parameters": [],
      "speech": "Not a problem . See you again !"
    }
  ],
  "state": "LEARNED",
  "priority": 500000,
  "webhookUsed": false
}