{
  "id": "7004861f-d104-41c0-955a-4e3a0b4303ff",
  "name": "reject_booking",
  "auto": true,
  "contexts": [
    "reject_booking"
  ],
  "userSays": [
    {
      "id": "4f6f5975-ac18-4d62-b298-9c7c8baa31d0",
      "data": [
        {
          "text": "No"
        }
      ],
      "isTemplate": false,
      "count": 0
    }
  ],
  "responses": [
    {
      "resetContexts": false,
      "affectedContexts": [],
      "parameters": [],
      "speech": "Not a problem . Thanks for stopping by !"
    }
  ],
  "priority": 500000,
  "webhookUsed": false,
  "fallbackIntent": false
}