{
  "id": "7487d700-39b6-4217-9375-548e565f535c",
  "name": "reject_booking",
  "auto": true,
  "contexts": [
    "reject_booking"
  ],
  "userSays": [
    {
      "id": "4f6f5975-ac18-4d62-b298-9c7c8baa31d0",
      "data": [
        {
          "text": "No"
        }
      ],
      "isTemplate": false,
      "count": 0
    },
    {
      "id": "96650e93-173c-48ba-aeac-f77435dbc915",
      "data": [
        {
          "text": "No please"
        }
      ],
      "isTemplate": false,
      "count": 0
    },
    {
      "id": "eb8fedea-05df-4417-a77e-5567addc6e65",
      "data": [
        {
          "text": "no"
        }
      ],
      "isTemplate": false,
      "count": 0
    }
  ],
  "responses": [
    {
      "resetContexts": false,
      "affectedContexts": [],
      "parameters": [],
      "speech": "Not a problem . Thanks for stopping by !"
    }
  ],
  "state": "LEARNED",
  "priority": 500000,
  "webhookUsed": false
}