{
  "id": "fe5e33b9-b582-4656-92b2-51dfe283edcb",
  "name": "Thank you",
  "auto": true,
  "contexts": [],
  "userSays": [
    {
      "id": "b2de4747-451d-492c-b3d7-0b691aa8a83d",
      "data": [
        {
          "text": "Thank you"
        }
      ],
      "isTemplate": false,
      "count": 0
    },
    {
      "id": "296f67d7-c013-401f-955a-ce0b5cc25e7e",
      "data": [
        {
          "text": "Thanks"
        }
      ],
      "isTemplate": false,
      "count": 0
    }
  ],
  "responses": [
    {
      "resetContexts": false,
      "affectedContexts": [],
      "parameters": [],
      "speech": "Welcome! Hope to see you again"
    }
  ],
  "state": "LEARNED",
  "priority": 500000,
  "webhookUsed": false
}