{
  "id": "b3a0debd-ce3f-45e2-a072-9895575a68c8",
  "name": "to book a room",
  "auto": true,
  "contexts": [
    "interested"
  ],
  "userSays": [
    {
      "id": "f947aed3-038a-4710-a0df-05dc62a6a1fb",
      "data": [
        {
          "text": "yes"
        }
      ],
      "isTemplate": false,
      "count": 0
    },
    {
      "id": "df9cfb66-a5d7-45ed-b01d-6d70fbc7c091",
      "data": [
        {
          "text": "Yes. I would like to book a room"
        }
      ],
      "isTemplate": false,
      "count": 0
    },
    {
      "id": "e38953d1-69fc-449f-8ecb-4b455868f07d",
      "data": [
        {
          "text": "@room-type:room-type"
        }
      ],
      "isTemplate": true,
      "count": 0
    },
    {
      "id": "6578d9ef-2e8d-41bd-bce5-3b084b3168f5",
      "data": [
        {
          "text": "@sys.date:from-date to @sys.date:to-date"
        }
      ],
      "isTemplate": true,
      "count": 0
    },
    {
      "id": "b8d8ea10-c9c2-4ff7-b44a-c83fd7d454ae",
      "data": [
        {
          "text": "I would like to book @sys.date:from-date to @sys.date:to-date for @room-type:room-type"
        }
      ],
      "isTemplate": true,
      "count": 0
    }
  ],
  "responses": [
    {
      "resetContexts": false,
      "affectedContexts": [
        {
          "name": "confirm_booking",
          "lifespan": 2
        },
        {
          "name": "reject_booking",
          "lifespan": 2
        }
      ],
      "parameters": [
        {
          "required": true,
          "dataType": "@sys.date",
          "name": "from-date",
          "value": "$from-date"
        },
        {
          "required": true,
          "dataType": "@sys.date",
          "name": "to-date",
          "value": "$to-date"
        },
        {
          "required": true,
          "dataType": "@room-type",
          "name": "room-type",
          "value": "$room-type",
          "prompts": [
            "Sure. We have deluxe and superior rooms. Rate for deluxe is 120 USD per night and that for superior is 140 USD per night. The rates are inclusive of breakfast. Which one would you like to book?"
          ]
        }
      ],
      "speech": "Shall I proceed to book?"
    }
  ],
  "state": "LEARNED",
  "priority": 500000,
  "webhookUsed": false
}